teamId,teamName,teamNick,teamShort,teamPrimaryColor,teamSecondaryColor,teamThirdColor,teamFoundDate,teamStatus,teamExternalId,teamLogoUrl,competitionName,competitionId,sponsorName,sponsorId,phaseName,phaseId,groupName,groupId,seasonName,seasonId
8c035c24-5703-4628-9f71-e0b6280196db,HC Domynos,Domynos,DOM,,,,,Active,DOM,https://drive.google.com/uc?export=view&id=1GJ2HFPIi-3zMTaqdC_q1tk0xIGHEUZ1s,PHM Cup,c7c0bb15-5d29-415d-851e-5d777c6cc621,Undefined,c33154e3-35f6-4114-86d0-8769b44c443b,Základní část,9933480b-989b-4253-8127-137a9174d8d3,Top Divize,b7b4f7e3-9e44-42c0-bdf8-71cfd5592373,2016-2017,ce57453d-3da0-4b5d-b5e7-422efbd89548
4e1472c1-d903-450a-927f-4d170ec92913,HC Lenovo,Lenovo,LNV,,,,,Active,LNV,https://drive.google.com/uc?export=view&id=1wrbHCILoJMy4zW6tpd4JHbXoAqtsFbsY,PHM Cup,c7c0bb15-5d29-415d-851e-5d777c6cc621,GNB Chem,69a695eb-ec6c-4ac5-b224-c9fc48ec86c9,Základní část,9933480b-989b-4253-8127-137a9174d8d3,Hobby Divize,b172426f-aa89-4d0a-a17a-5861a97311ac,2016-2017,ce57453d-3da0-4b5d-b5e7-422efbd89548
53c0bf88-0c9c-424a-8a5d-5640988bff14,Fanklub Lev Praha,Fanklub Lev,LEV,,,,15.1.2013,Active,LEV,https://drive.google.com/uc?export=view&id=11QykfjopaZ4orJpR8MQMiKPTNiQ2zzuw,PHM Cup,c7c0bb15-5d29-415d-851e-5d777c6cc621,Undefined,c33154e3-35f6-4114-86d0-8769b44c443b,Základní část,9933480b-989b-4253-8127-137a9174d8d3,Klasická Divize,8197ca60-361d-4515-8208-e51d50aab9fc,2016-2017,ce57453d-3da0-4b5d-b5e7-422efbd89548
a83bbf90-eab3-43ee-aa89-3feb82e3bfc3,HC Prague Mimons,Mimoni,MIM,,,,,Active,MIM,https://drive.google.com/uc?export=view&id=10wJx9uVs90hp_3I0WGW8rITmJ-l2cinn,PHM Cup,c7c0bb15-5d29-415d-851e-5d777c6cc621,Undefined,c33154e3-35f6-4114-86d0-8769b44c443b,Základní část,9933480b-989b-4253-8127-137a9174d8d3,Klasická Divize,8197ca60-361d-4515-8208-e51d50aab9fc,2016-2017,ce57453d-3da0-4b5d-b5e7-422efbd89548
95750ea5-cf54-40a4-bef4-409e7c53ef14,Hokejové Tréninky Praha,Tréninky,HTP,,,,,Active,HTP,https://drive.google.com/uc?export=view&id=1ujKCy_Bea60CbD0GZjcJ4pdwH61dFFJR,PHM Cup,c7c0bb15-5d29-415d-851e-5d777c6cc621,Undefined,c33154e3-35f6-4114-86d0-8769b44c443b,Základní část,9933480b-989b-4253-8127-137a9174d8d3,Top Divize,b7b4f7e3-9e44-42c0-bdf8-71cfd5592373,2016-2017,ce57453d-3da0-4b5d-b5e7-422efbd89548
e9141c28-782e-4a48-b606-3a9537262fa6,HC Banditos,Banditos,BDT,,,,,Active,BDT,https://drive.google.com/uc?export=view&id=1tSZGnGqf2Kku8YharPx3L5ovxLQo8YhI,PHM Cup,c7c0bb15-5d29-415d-851e-5d777c6cc621,Undefined,c33154e3-35f6-4114-86d0-8769b44c443b,Základní část,9933480b-989b-4253-8127-137a9174d8d3,Hobby Divize,b172426f-aa89-4d0a-a17a-5861a97311ac,2016-2017,ce57453d-3da0-4b5d-b5e7-422efbd89548
d8728e00-3203-46d7-a3dd-5e85d674e599,Team Canada,Canada,CAN,,,,,Active,CAN,https://drive.google.com/uc?export=view&id=12v3ctGisgOw0JUn8wQ70WhaE9Z7pBDXG,Undefined,b1325f2d-3d0b-4f63-b5ec-b72714d4137e,Undefined,c33154e3-35f6-4114-86d0-8769b44c443b,Undefined,48259c04-72e0-4088-8fbf-e10baf0a378d,Undefined,f0ab8eb3-e99d-4b96-ab52-176d18660529,2016-2017,ce57453d-3da0-4b5d-b5e7-422efbd89548
1231f6ae-b1d5-49e5-9d8c-4bbfb884b011,Carps Moscow,Caprs,CAR,,,,,Active,CAR,https://drive.google.com/uc?export=view&id=1gXuY1kpyheH110O72UUHSEHmPjKUYk5Q,Undefined,b1325f2d-3d0b-4f63-b5ec-b72714d4137e,Undefined,c33154e3-35f6-4114-86d0-8769b44c443b,Undefined,48259c04-72e0-4088-8fbf-e10baf0a378d,Undefined,f0ab8eb3-e99d-4b96-ab52-176d18660529,2016-2017,ce57453d-3da0-4b5d-b5e7-422efbd89548
8f82fda5-2f8d-4e98-855f-0c7b3345fceb,Atos Ledeč,Atos,ATO,,,,,Active,ATO,https://drive.google.com/uc?export=view&id=10JBNtQ_MxcHdeedWXboN3enrg_6hy5T9,WND Cup Ledeč nad Sázavou,fb18fbb5-2a6f-4328-8ef0-dfc2f4e08ad4,Undefined,c33154e3-35f6-4114-86d0-8769b44c443b,Základní část,9933480b-989b-4253-8127-137a9174d8d3,Skupina A,ceb3d5d8-c901-453c-bf46-535b83c9e831,2016-2017,ce57453d-3da0-4b5d-b5e7-422efbd89548
e4aa0c68-3262-46a8-8844-a9754c008c57,Drink Team,Drink Team,DRT,,,,,Active,DRT,https://drive.google.com/uc?export=view&id=1_13KMTN_AVjpekn5uEZWrfC2bFe7AU9P,PHM Cup,c7c0bb15-5d29-415d-851e-5d777c6cc621,Undefined,c33154e3-35f6-4114-86d0-8769b44c443b,Základní část,9933480b-989b-4253-8127-137a9174d8d3,Klasická Divize,8197ca60-361d-4515-8208-e51d50aab9fc,2016-2017,ce57453d-3da0-4b5d-b5e7-422efbd89548
0270d53d-7ea8-40ad-af98-0b1ff215398c,ForFun Praha,ForFun,FRF,,,,,Active,FRF,https://drive.google.com/uc?export=view&id=1_cYqIZspvpKwwUn3yHpq4usxtYw-vCwB,Pražská liga ledního hokeje,eb28fe84-b963-4058-9af2-ad86764210ed,Undefined,c33154e3-35f6-4114-86d0-8769b44c443b,Základní část,9933480b-989b-4253-8127-137a9174d8d3,PLLH 5. skupina,757cc6f2-9239-4ab3-a3b2-5a85d2ba3917,2016-2017,ce57453d-3da0-4b5d-b5e7-422efbd89548
c06ba05b-f15f-4e2f-8055-bc21a7f8087e,Gaston Seals,Gastoni,GAS,,,,,Active,GAS,https://drive.google.com/uc?export=view&id=1EY5XhUQ_Oqs5jCXryxuFppW_31TEUdcA,PHM Cup,c7c0bb15-5d29-415d-851e-5d777c6cc621,Undefined,c33154e3-35f6-4114-86d0-8769b44c443b,Základní část,9933480b-989b-4253-8127-137a9174d8d3,Klasická Divize,8197ca60-361d-4515-8208-e51d50aab9fc,2016-2017,ce57453d-3da0-4b5d-b5e7-422efbd89548
baed154a-5e0f-4c57-bd3e-9a4d02fe7072,Berkut Praha,Berkut,BER,,,,,Finished,BER,https://drive.google.com/uc?export=view&id=18ViZZVm-1juS-fKsxr9J8jjBUC-Lh5cQ,PHM Cup,c7c0bb15-5d29-415d-851e-5d777c6cc621,Undefined,c33154e3-35f6-4114-86d0-8769b44c443b,Základní část,9933480b-989b-4253-8127-137a9174d8d3,Klasická Divize,8197ca60-361d-4515-8208-e51d50aab9fc,2016-2017,ce57453d-3da0-4b5d-b5e7-422efbd89548
7f2362e3-2e73-4e18-b595-62837b8cbef4,HC Tornádo Praha,Tornádo,TOR,,,,,Active,TOR,https://drive.google.com/uc?export=view&id=1oo5elmCDMWwAMw6fshgQpE54EdvNpmCW,PHM Cup,c7c0bb15-5d29-415d-851e-5d777c6cc621,Undefined,c33154e3-35f6-4114-86d0-8769b44c443b,Základní část,9933480b-989b-4253-8127-137a9174d8d3,Klasická Divize,8197ca60-361d-4515-8208-e51d50aab9fc,2016-2017,ce57453d-3da0-4b5d-b5e7-422efbd89548
8a93c5b5-e72e-4351-9969-f1d69c2977bd,HC Tookani,Tookani,TKN,,,,,Active,TKN,https://drive.google.com/uc?export=view&id=1qCb6WzYRCvKHIxHPk7GoG2U2RQTJ0xe7,Undefined,b1325f2d-3d0b-4f63-b5ec-b72714d4137e,Undefined,c33154e3-35f6-4114-86d0-8769b44c443b,Undefined,48259c04-72e0-4088-8fbf-e10baf0a378d,Undefined,f0ab8eb3-e99d-4b96-ab52-176d18660529,2016-2017,ce57453d-3da0-4b5d-b5e7-422efbd89548
24e10a20-928a-4b2a-9d7b-5d4f7f4ebe87,HC DHM,DHM,DHM,,,,,Active,DHM,https://drive.google.com/uc?export=view&id=1SgNlaSCwiI-RXErBFaMrCD8X6KJbYwCH,WND Cup Ledeč nad Sázavou,fb18fbb5-2a6f-4328-8ef0-dfc2f4e08ad4,Undefined,c33154e3-35f6-4114-86d0-8769b44c443b,Základní část,9933480b-989b-4253-8127-137a9174d8d3,Skupina A,ceb3d5d8-c901-453c-bf46-535b83c9e831,2016-2017,ce57453d-3da0-4b5d-b5e7-422efbd89548
51a03c89-1157-4cb2-959c-2e097d7c2914,HC Gladiator Praha,Gladiator,GLA,,,,,Finished,GLA,https://drive.google.com/uc?export=view&id=1QRYePQ-cIoc8_LotRf7prgFjCfl45ID9,PHM Cup,c7c0bb15-5d29-415d-851e-5d777c6cc621,Undefined,c33154e3-35f6-4114-86d0-8769b44c443b,Základní část,9933480b-989b-4253-8127-137a9174d8d3,Bílá skupina,1ba35113-4527-41b4-b8c3-e876fa822e06,2016-2017,ce57453d-3da0-4b5d-b5e7-422efbd89548
0cebcb23-e90e-41ba-9823-2addcf70cafa,Intelsol Ilusionists,Intelsol,INT,,,,,Active,INT,https://drive.google.com/uc?export=view&id=1C0E8Lbj6k9IzqtylMx8RNbUa-OUO340F,PHM Cup,c7c0bb15-5d29-415d-851e-5d777c6cc621,Undefined,c33154e3-35f6-4114-86d0-8769b44c443b,Základní část,9933480b-989b-4253-8127-137a9174d8d3,Klasická Divize,8197ca60-361d-4515-8208-e51d50aab9fc,2016-2017,ce57453d-3da0-4b5d-b5e7-422efbd89548
df97c6a4-a20a-4398-b964-5538359e5c2e,Hokejový Tím,HOT,HOT,,,,,Active,HOT,https://drive.google.com/uc?export=view&id=1khnMpPsvA7rZJczbv1G9RDduzzMDfTeT,WND Cup Ledeč nad Sázavou,fb18fbb5-2a6f-4328-8ef0-dfc2f4e08ad4,Undefined,c33154e3-35f6-4114-86d0-8769b44c443b,Základní část,9933480b-989b-4253-8127-137a9174d8d3,Skupina A,ceb3d5d8-c901-453c-bf46-535b83c9e831,2016-2017,ce57453d-3da0-4b5d-b5e7-422efbd89548
d9c71771-6689-4f26-8782-3872a6c3d1b8,HC Nový PUK,PUK,PUK,,,,,Active,PUK,https://drive.google.com/uc?export=view&id=1RdOY2WFKdvcjvibkuDtP_3N5Tz88K79y,PHM Cup,c7c0bb15-5d29-415d-851e-5d777c6cc621,Undefined,c33154e3-35f6-4114-86d0-8769b44c443b,Základní část,9933480b-989b-4253-8127-137a9174d8d3,Bílá skupina,1ba35113-4527-41b4-b8c3-e876fa822e06,2016-2017,ce57453d-3da0-4b5d-b5e7-422efbd89548
25e9839c-9072-4d5e-bd14-f89e7ad34068,Prague Hockey Masters,PHM,PHM,,,,,Active,PHM,https://drive.google.com/uc?export=view&id=1L0-d8JifVlSD8_g-WA_64zmMawJf3i5b,Undefined,b1325f2d-3d0b-4f63-b5ec-b72714d4137e,Undefined,c33154e3-35f6-4114-86d0-8769b44c443b,Undefined,48259c04-72e0-4088-8fbf-e10baf0a378d,Undefined,f0ab8eb3-e99d-4b96-ab52-176d18660529,2016-2017,ce57453d-3da0-4b5d-b5e7-422efbd89548
957f91fb-a98e-4602-8fa2-d75f5f40758c,HC Prague Wolves,Wolves,WLV,,,,,Active,WLV,https://drive.google.com/uc?export=view&id=1wUJz5-utkVhL0XU3cjVj45Yoex-5MxVU,PHM Cup,c7c0bb15-5d29-415d-851e-5d777c6cc621,Undefined,c33154e3-35f6-4114-86d0-8769b44c443b,Základní část,9933480b-989b-4253-8127-137a9174d8d3,Modrá skupina,6240fdb1-0e47-4f99-8683-a4a50758ff54,2016-2017,ce57453d-3da0-4b5d-b5e7-422efbd89548
3832fb20-ffb3-40b9-be64-8809db77d78a,HC Prague Wolves A,Wolves A,WLA,,,,,Active,WLA,https://drive.google.com/uc?export=view&id=1wUJz5-utkVhL0XU3cjVj45Yoex-5MxVU,PHM Cup,c7c0bb15-5d29-415d-851e-5d777c6cc621,Undefined,c33154e3-35f6-4114-86d0-8769b44c443b,Základní část,9933480b-989b-4253-8127-137a9174d8d3,Top Divize,b7b4f7e3-9e44-42c0-bdf8-71cfd5592373,2016-2017,ce57453d-3da0-4b5d-b5e7-422efbd89548
053398e3-ff69-470f-87f2-7d570ff36820,HC Prague Wolves B,Wolves B,WLB,,,,,Active,WLB,https://drive.google.com/uc?export=view&id=1wUJz5-utkVhL0XU3cjVj45Yoex-5MxVU,PHM Cup,c7c0bb15-5d29-415d-851e-5d777c6cc621,Undefined,c33154e3-35f6-4114-86d0-8769b44c443b,Základní část,9933480b-989b-4253-8127-137a9174d8d3,Klasická Divize,8197ca60-361d-4515-8208-e51d50aab9fc,2016-2017,ce57453d-3da0-4b5d-b5e7-422efbd89548
5774291a-3411-4fbe-907f-f0f4ea43821d,Projektový Ústav,Projekťák,PRO,,,,,Active,PRO,https://drive.google.com/uc?export=view&id=1GL3SENs3DroawlgKQI0ckRwLscAYEOh-,Pražská liga ledního hokeje,eb28fe84-b963-4058-9af2-ad86764210ed,Undefined,c33154e3-35f6-4114-86d0-8769b44c443b,Základní část,9933480b-989b-4253-8127-137a9174d8d3,PLLH 3. skupina,25650196-4170-43ce-b998-ae43b639fddb,2016-2017,ce57453d-3da0-4b5d-b5e7-422efbd89548
3f1f1994-64ea-4cf2-86a9-6b49e402f34e,HC Renegades,Renegades,REN,,,,,Active,REN,https://drive.google.com/uc?export=view&id=1U46QlU27_gGh4FOA4KTxQtz3aOjJ8HE0,Pražská liga ledního hokeje,eb28fe84-b963-4058-9af2-ad86764210ed,Undefined,c33154e3-35f6-4114-86d0-8769b44c443b,Základní část,9933480b-989b-4253-8127-137a9174d8d3,PLLH 4. skupina,22244e58-408c-48b5-88c0-aee5696f4948,2016-2017,ce57453d-3da0-4b5d-b5e7-422efbd89548
4e54f3b1-2698-425d-bbcb-1f2b5c88e48d,HC Rex Bohemia,Rex,REX,,,,,Active,REX,https://drive.google.com/uc?export=view&id=1MFbU9IkCC6P0wekvHV8r26NZbQo-LuuP,CCM Liga,ce84bfe3-41fd-46de-aad4-409b769b0b2a,Undefined,c33154e3-35f6-4114-86d0-8769b44c443b,Základní část,9933480b-989b-4253-8127-137a9174d8d3,Undefined,f0ab8eb3-e99d-4b96-ab52-176d18660529,2016-2017,ce57453d-3da0-4b5d-b5e7-422efbd89548
f09990a1-3234-4a38-bdce-e3f4eb6ed222,Roosters,Roosters,RST,,,,,Active,RST,https://drive.google.com/uc?export=view&id=1LgLhz7U9pv2m4GdRige8up1ap0lrz5X2,PHM Cup,c7c0bb15-5d29-415d-851e-5d777c6cc621,Undefined,c33154e3-35f6-4114-86d0-8769b44c443b,Základní část,9933480b-989b-4253-8127-137a9174d8d3,Top Divize,b7b4f7e3-9e44-42c0-bdf8-71cfd5592373,2016-2017,ce57453d-3da0-4b5d-b5e7-422efbd89548
ce70125d-ef75-44d0-b776-d36e1f5b60d4,Slavoj Štvanice,Štvanice,STV,,,,,Active,STV,https://drive.google.com/uc?export=view&id=1IqGYg7B9KDWqfUaQxsgyXW-OgF82uIJU,Pražská liga ledního hokeje,eb28fe84-b963-4058-9af2-ad86764210ed,Undefined,c33154e3-35f6-4114-86d0-8769b44c443b,Undefined,48259c04-72e0-4088-8fbf-e10baf0a378d,Undefined,f0ab8eb3-e99d-4b96-ab52-176d18660529,2016-2017,ce57453d-3da0-4b5d-b5e7-422efbd89548
2e58bee0-d16a-4567-9346-b5163dfa551f,HC Množírna,Množírna,MNO,,,,,Active,MNO,https://drive.google.com/uc?export=view&id=1RWseputsLn7MkfgVW16nX4jwTw7Cdrvd,Memorial Tomáše Smutka,b4348584-a378-48b7-afdc-feca879c3371,Undefined,c33154e3-35f6-4114-86d0-8769b44c443b,Základní část,9933480b-989b-4253-8127-137a9174d8d3,Skupina A,ceb3d5d8-c901-453c-bf46-535b83c9e831,2016-2017,ce57453d-3da0-4b5d-b5e7-422efbd89548
7d2ec80a-56b6-48d9-a37c-aba1f5185a16,HC Variel Zruč,Variel,VAR,,,,,Active,VAR,https://drive.google.com/uc?export=view&id=1hDObIxu4_71I7_k4H0FhZHXVcSU2yyd-,WND Cup Ledeč nad Sázavou,fb18fbb5-2a6f-4328-8ef0-dfc2f4e08ad4,Undefined,c33154e3-35f6-4114-86d0-8769b44c443b,Základní část,9933480b-989b-4253-8127-137a9174d8d3,Skupina B,62399262-d810-43f4-8960-63f7fc8a8fb8,2016-2017,ce57453d-3da0-4b5d-b5e7-422efbd89548
842b3f25-ecab-422d-a565-8434bd50258b,Jokers,Jokers,JOK,,,,,Active,JOK,https://drive.google.com/uc?export=view&id=1fga3E2xMraOSg-wbqMjwFsYSHlm3LO_T,PHM Cup,c7c0bb15-5d29-415d-851e-5d777c6cc621,Undefined,c33154e3-35f6-4114-86d0-8769b44c443b,Základní část,9933480b-989b-4253-8127-137a9174d8d3,Top Divize,b7b4f7e3-9e44-42c0-bdf8-71cfd5592373,2016-2017,ce57453d-3da0-4b5d-b5e7-422efbd89548
fe518d94-ef3e-4cac-b2a6-d64ffabd9ccb,HC Ledeč,Ledeč,LED,,,,,Finished,LED,https://drive.google.com/uc?export=view&id=1QrcOUad8BQLZDZKhpLP4EM2HUELuInOn,WND Cup Ledeč nad Sázavou,fb18fbb5-2a6f-4328-8ef0-dfc2f4e08ad4,Undefined,c33154e3-35f6-4114-86d0-8769b44c443b,Základní část,9933480b-989b-4253-8127-137a9174d8d3,Skupina B,62399262-d810-43f4-8960-63f7fc8a8fb8,2016-2017,ce57453d-3da0-4b5d-b5e7-422efbd89548
52184731-e211-4b03-92f6-d7f9b71350d9,H.O.V.N.A.,Hovna,HOV,,,,,Active,HOV,https://drive.google.com/uc?export=view&id=1lRkl-gcu2Wjyj_lohCTHyzRvCjmejQtP,Pražská liga ledního hokeje,eb28fe84-b963-4058-9af2-ad86764210ed,Undefined,c33154e3-35f6-4114-86d0-8769b44c443b,Základní část,9933480b-989b-4253-8127-137a9174d8d3,PLLH 3. skupina,25650196-4170-43ce-b998-ae43b639fddb,2016-2017,ce57453d-3da0-4b5d-b5e7-422efbd89548
0d11d883-bc07-4e34-bcb1-97ecca0205c7,HC Sněhuláci Praha,Sněhuláci,SNE,,,,,Active,SNE,https://drive.google.com/uc?export=view&id=1ExOtYjWC59H51cEw0bdHuZCwumiC7G8w,Pražská liga ledního hokeje,eb28fe84-b963-4058-9af2-ad86764210ed,Undefined,c33154e3-35f6-4114-86d0-8769b44c443b,Základní část,9933480b-989b-4253-8127-137a9174d8d3,PLLH 3. skupina,25650196-4170-43ce-b998-ae43b639fddb,2016-2017,ce57453d-3da0-4b5d-b5e7-422efbd89548
c5f53fe3-4d49-4a46-834e-ec1ffbcb495c,HC Ozzy Praha,Ozzy,OZZ,,,,,Active,OZZ,https://drive.google.com/uc?export=view&id=1ah-nGS257mTEk_ehwwVSu_6_ZoUVpw3_,Pražská liga ledního hokeje,eb28fe84-b963-4058-9af2-ad86764210ed,Undefined,c33154e3-35f6-4114-86d0-8769b44c443b,Základní část,9933480b-989b-4253-8127-137a9174d8d3,PLLH 3. skupina,25650196-4170-43ce-b998-ae43b639fddb,2016-2017,ce57453d-3da0-4b5d-b5e7-422efbd89548
06c5ed20-55c1-4025-bdd9-b8347f25ced2,HC Mordor Praha,Mordor,MOR,,,,,Active,MOR,https://drive.google.com/uc?export=view&id=15-jzR3e94rEp9SK5BCzpBNzVuX4vAIij,Pražská liga ledního hokeje,eb28fe84-b963-4058-9af2-ad86764210ed,Undefined,c33154e3-35f6-4114-86d0-8769b44c443b,Základní část,9933480b-989b-4253-8127-137a9174d8d3,PLLH 3. skupina,25650196-4170-43ce-b998-ae43b639fddb,2016-2017,ce57453d-3da0-4b5d-b5e7-422efbd89548
7dc3c806-5b13-499d-bf3d-7ed5639e4263,HC Stará Kovárna,Kovárna,KOV,,,,,Active,KOV,https://drive.google.com/uc?export=view&id=17Sd3VV7bm0W-MpqoYCLxBB2yzOC_EW7c,Pražská liga ledního hokeje,eb28fe84-b963-4058-9af2-ad86764210ed,Undefined,c33154e3-35f6-4114-86d0-8769b44c443b,Základní část,9933480b-989b-4253-8127-137a9174d8d3,PLLH 3. skupina,25650196-4170-43ce-b998-ae43b639fddb,2016-2017,ce57453d-3da0-4b5d-b5e7-422efbd89548
bbfdf8ba-bccf-4b6d-ad97-6dcb4f38cc41,EUROCAT,Eurocat,ECA,,,,,Active,ECA,https://drive.google.com/uc?export=view&id=1FbZpwzCq4FVhdnXsNPA0rdFjAOI4EsGB,Pražská liga ledního hokeje,eb28fe84-b963-4058-9af2-ad86764210ed,Undefined,c33154e3-35f6-4114-86d0-8769b44c443b,Základní část,9933480b-989b-4253-8127-137a9174d8d3,PLLH 3. skupina,25650196-4170-43ce-b998-ae43b639fddb,2016-2017,ce57453d-3da0-4b5d-b5e7-422efbd89548
9cbfef70-cd18-4c23-b0eb-d54a3b33fa58,HC Dotykačka,Dotykačka,DOT,,,,,Active,DOT,https://drive.google.com/uc?export=view&id=1hBXrH1IC_tWYANvjn4Gb2NM1BwMGQaKt,Pražská liga ledního hokeje,eb28fe84-b963-4058-9af2-ad86764210ed,Undefined,c33154e3-35f6-4114-86d0-8769b44c443b,Základní část,9933480b-989b-4253-8127-137a9174d8d3,PLLH 3. skupina,25650196-4170-43ce-b998-ae43b639fddb,2016-2017,ce57453d-3da0-4b5d-b5e7-422efbd89548
3404c608-4f32-4b77-9458-d1f56db2eecd,HC Cheza Praha,Cheza Praha,CHP,,,,,Active,CHP,https://drive.google.com/uc?export=view&id=14tg0GV7zU2G4r-K4XPOI-iEA2YpxP93k,Pražská liga ledního hokeje,eb28fe84-b963-4058-9af2-ad86764210ed,Undefined,c33154e3-35f6-4114-86d0-8769b44c443b,Základní část,9933480b-989b-4253-8127-137a9174d8d3,PLLH 3. skupina,25650196-4170-43ce-b998-ae43b639fddb,2016-2017,ce57453d-3da0-4b5d-b5e7-422efbd89548
01dd4540-647c-47f9-a263-cecbceb9ac3a,Přírodověda UK,Přirodověda,PRI,,,,,Active,PRI,https://drive.google.com/uc?export=view&id=1XdiLZca4PchNIhodNeTEmY-G0hmd_6LB,Pražská liga ledního hokeje,eb28fe84-b963-4058-9af2-ad86764210ed,Undefined,c33154e3-35f6-4114-86d0-8769b44c443b,Základní část,9933480b-989b-4253-8127-137a9174d8d3,PLLH 3. skupina,25650196-4170-43ce-b998-ae43b639fddb,2016-2017,ce57453d-3da0-4b5d-b5e7-422efbd89548
1a3450fb-1c9a-4265-82b2-bd1db06eb7e5,HC Horní Počernice,Počernice,HPO,,,,,Active,HPO,https://drive.google.com/uc?export=view&id=1AMEpwfy7PgrwKCJny70kVj5GytBV8bRT,Pražská liga ledního hokeje,eb28fe84-b963-4058-9af2-ad86764210ed,Undefined,c33154e3-35f6-4114-86d0-8769b44c443b,Základní část,9933480b-989b-4253-8127-137a9174d8d3,PLLH 3. skupina,25650196-4170-43ce-b998-ae43b639fddb,2016-2017,ce57453d-3da0-4b5d-b5e7-422efbd89548
d91a629c-3614-4cb5-9c67-c01a1260d026,HC Olympik Praha,Olympik,OLP,,,,,Active,OLP,https://drive.google.com/uc?export=view&id=17kOXwr9U0lyIAUzhCLxwsz4n663-VsmN,Pražská liga ledního hokeje,eb28fe84-b963-4058-9af2-ad86764210ed,Undefined,c33154e3-35f6-4114-86d0-8769b44c443b,Základní část,9933480b-989b-4253-8127-137a9174d8d3,PLLH 3. skupina,25650196-4170-43ce-b998-ae43b639fddb,2016-2017,ce57453d-3da0-4b5d-b5e7-422efbd89548
777d8fc1-f60b-43c6-85ed-046ff9cdd42f,HC Žižkov,Zizkov,ZIZ,,,,,Active,ZIZ,https://drive.google.com/uc?export=view&id=1FKB7x6o4vvjUBW4c0Q2NobphFHq1y98b,Pražská liga ledního hokeje,eb28fe84-b963-4058-9af2-ad86764210ed,Undefined,c33154e3-35f6-4114-86d0-8769b44c443b,Základní část,9933480b-989b-4253-8127-137a9174d8d3,PLLH 3. skupina,25650196-4170-43ce-b998-ae43b639fddb,2016-2017,ce57453d-3da0-4b5d-b5e7-422efbd89548
3372e533-8330-498a-8cc4-3d764dce9794,Blacks,Blacks,BLK,,,,,Active,BLK,https://drive.google.com/uc?export=view&id=1Rv4cSCqTtdWqQ67Ba0EFbg9nnzRoFpnk,PHM Cup,c7c0bb15-5d29-415d-851e-5d777c6cc621,Undefined,c33154e3-35f6-4114-86d0-8769b44c443b,Undefined,48259c04-72e0-4088-8fbf-e10baf0a378d,Undefined,f0ab8eb3-e99d-4b96-ab52-176d18660529,2016-2017,ce57453d-3da0-4b5d-b5e7-422efbd89548
e8ee5697-0659-4105-9267-d9b63a1b99a6,Whites,Whites,WHI,,,,,Active,WHI,https://drive.google.com/uc?export=view&id=1yr-FH_qRhHu8Pej-6q_mm-Xu8eV6jot3,Undefined,b1325f2d-3d0b-4f63-b5ec-b72714d4137e,Undefined,c33154e3-35f6-4114-86d0-8769b44c443b,Undefined,48259c04-72e0-4088-8fbf-e10baf0a378d,Undefined,f0ab8eb3-e99d-4b96-ab52-176d18660529,2016-2017,ce57453d-3da0-4b5d-b5e7-422efbd89548
97475a6c-ef0f-4e84-8c60-869bcbabbceb,Icehoppers (GER),Icehoppers,IHP,,,,,Active,IHP,https://drive.google.com/uc?export=view&id=1dJgft7BaDZgktWg56KrmL5U8dfgdUwuR,Undefined,b1325f2d-3d0b-4f63-b5ec-b72714d4137e,Undefined,c33154e3-35f6-4114-86d0-8769b44c443b,Undefined,48259c04-72e0-4088-8fbf-e10baf0a378d,Undefined,f0ab8eb3-e99d-4b96-ab52-176d18660529,2016-2017,ce57453d-3da0-4b5d-b5e7-422efbd89548
82c32446-e407-4665-859e-dc89d4846144,The North (CAN),North,NOR,,,,,Active,NOR,https://drive.google.com/uc?export=view&id=1r-36L7rtPMGA4z8NjSqIWv7iG6MIkgxN,Undefined,b1325f2d-3d0b-4f63-b5ec-b72714d4137e,Undefined,c33154e3-35f6-4114-86d0-8769b44c443b,Undefined,48259c04-72e0-4088-8fbf-e10baf0a378d,Undefined,f0ab8eb3-e99d-4b96-ab52-176d18660529,2016-2017,ce57453d-3da0-4b5d-b5e7-422efbd89548
eb920466-4052-4b92-a9d3-8e89ff164da8,Veřejné Bruslení,Veřejňák,VER,,,,,Active,VER,https://drive.google.com/uc?export=view&id=1xm1AkOHP9mJVB_R6tlTibCLG98gjXvLP,Undefined,b1325f2d-3d0b-4f63-b5ec-b72714d4137e,Undefined,c33154e3-35f6-4114-86d0-8769b44c443b,Undefined,48259c04-72e0-4088-8fbf-e10baf0a378d,Undefined,f0ab8eb3-e99d-4b96-ab52-176d18660529,2016-2017,ce57453d-3da0-4b5d-b5e7-422efbd89548
81f8a6dd-9969-43e6-a504-9c485e54c5b4,Sokol Katowice,Katowice,SKW,,,,,Active,SKW,https://drive.google.com/uc?export=view&id=1Wm8KW9zfKmaorwNuD6GThcZx1Du3wcCV,Undefined,b1325f2d-3d0b-4f63-b5ec-b72714d4137e,Undefined,c33154e3-35f6-4114-86d0-8769b44c443b,Undefined,48259c04-72e0-4088-8fbf-e10baf0a378d,Undefined,f0ab8eb3-e99d-4b96-ab52-176d18660529,2016-2017,ce57453d-3da0-4b5d-b5e7-422efbd89548
16c703a6-d8a0-4325-ac21-04866f84507f,MillePattes de Colombes,Colombes,MIL,,,,,Active,MIL,https://drive.google.com/uc?export=view&id=1iYBzo4TCQ5NQ42wJ6mp9Hcf8GPUjJAQ_,Undefined,b1325f2d-3d0b-4f63-b5ec-b72714d4137e,Undefined,c33154e3-35f6-4114-86d0-8769b44c443b,Undefined,48259c04-72e0-4088-8fbf-e10baf0a378d,Undefined,f0ab8eb3-e99d-4b96-ab52-176d18660529,2016-2017,ce57453d-3da0-4b5d-b5e7-422efbd89548
ddef06e1-1a37-460a-9b1f-5eaf753dbc87,HC Kosti,Kosti,KOS,,,,,Active,KOS,https://drive.google.com/thumbnail?id=1yhsW3msPl1CeNU0L0nJwwUtYrh58FpzV,PHM Cup,c7c0bb15-5d29-415d-851e-5d777c6cc621,Undefined,c33154e3-35f6-4114-86d0-8769b44c443b,Základní část,9933480b-989b-4253-8127-137a9174d8d3,Klasická Divize,8197ca60-361d-4515-8208-e51d50aab9fc,2016-2017,ce57453d-3da0-4b5d-b5e7-422efbd89548
ac0b5139-74d1-462e-9b04-0d5301a4165c,HC Sršni Praha,Sršni,SRS,,,,,Active,SRS,https://drive.google.com/uc?export=view&id=19ce7D8pvoF2XgBzm1DAVSFBF3B7tl2No,PHM Cup,c7c0bb15-5d29-415d-851e-5d777c6cc621,Undefined,c33154e3-35f6-4114-86d0-8769b44c443b,Základní část,9933480b-989b-4253-8127-137a9174d8d3,Klasická Divize,8197ca60-361d-4515-8208-e51d50aab9fc,2016-2017,ce57453d-3da0-4b5d-b5e7-422efbd89548
1fd0f154-5c2c-4a3e-bb0c-9d49f0e757ca,Pross Sport Superheroes,Superheroes,SHS,,,,,Active,SHS,https://drive.google.com/uc?export=view&id=13cwNy11yiEJ6NXgoLX4f3UnYSZCELOfx,PHM Cup,c7c0bb15-5d29-415d-851e-5d777c6cc621,Undefined,c33154e3-35f6-4114-86d0-8769b44c443b,Základní část,9933480b-989b-4253-8127-137a9174d8d3,Top Divize,b7b4f7e3-9e44-42c0-bdf8-71cfd5592373,2016-2017,ce57453d-3da0-4b5d-b5e7-422efbd89548
59ecde05-fe50-4c3e-a782-6a717ef95f51,Elite Hockey TC,Elite,EHT,,,,,Active,EHT,https://drive.google.com/thumbnail?id=1XvxS87bgkW47VFZxWtkbXI3gg-HGROf0,PHM Cup,c7c0bb15-5d29-415d-851e-5d777c6cc621,Undefined,c33154e3-35f6-4114-86d0-8769b44c443b,Základní část,9933480b-989b-4253-8127-137a9174d8d3,Top Divize,b7b4f7e3-9e44-42c0-bdf8-71cfd5592373,2016-2017,ce57453d-3da0-4b5d-b5e7-422efbd89548
c0ff6d19-2b34-491c-8846-faa1a7c373d6,Prague Wolfpack,Wolfpack,PWP,,,,,Active,PWP,https://drive.google.com/uc?export=view&id=1i2QdkQGKoGoliOqmGyK4dVP0LOR5bmUs,PHM Cup,c7c0bb15-5d29-415d-851e-5d777c6cc621,Undefined,c33154e3-35f6-4114-86d0-8769b44c443b,Základní část,9933480b-989b-4253-8127-137a9174d8d3,Hobby Divize,b172426f-aa89-4d0a-a17a-5861a97311ac,2016-2017,ce57453d-3da0-4b5d-b5e7-422efbd89548
7cd9d71c-d10a-43f2-a94b-e8e7accfd8f2,HC Alligators,Alligators,ALI,,,,,Active,ALI,https://drive.google.com/uc?export=view&id=1J5LHCrBk8R2mFn9POsiCEi9P5k2suDYw,PHM Cup,c7c0bb15-5d29-415d-851e-5d777c6cc621,Undefined,c33154e3-35f6-4114-86d0-8769b44c443b,Základní část,9933480b-989b-4253-8127-137a9174d8d3,Klasická Divize,8197ca60-361d-4515-8208-e51d50aab9fc,2016-2017,ce57453d-3da0-4b5d-b5e7-422efbd89548
d13fc64e-b7d2-45c9-9eaa-05533c4672e1,Ice Spiders,Spiders,ICE,,,,,Active,ICE,https://drive.google.com/uc?export=view&id=1jYReReH8Zud1dgPqfxCiuI5xlLNQ6Zl_,PHM Cup,c7c0bb15-5d29-415d-851e-5d777c6cc621,Undefined,c33154e3-35f6-4114-86d0-8769b44c443b,Základní část,9933480b-989b-4253-8127-137a9174d8d3,Hobby Divize,b172426f-aa89-4d0a-a17a-5861a97311ac,2016-2017,ce57453d-3da0-4b5d-b5e7-422efbd89548
a40fdf29-0b75-4caf-8ee2-05a05e9d8b99,HC Žraloci,Žraloci,ZRA,,,,,Active,ZRA,https://drive.google.com/uc?export=view&id=1opMI90nmu2cywTy9dnz8rPv89x6OKQDU,PHM Cup,c7c0bb15-5d29-415d-851e-5d777c6cc621,Undefined,c33154e3-35f6-4114-86d0-8769b44c443b,Základní část,9933480b-989b-4253-8127-137a9174d8d3,Klasická Divize,8197ca60-361d-4515-8208-e51d50aab9fc,2016-2017,ce57453d-3da0-4b5d-b5e7-422efbd89548
9072afd0-f46b-4655-9a19-11658f2a390b,Hokejové Tréninky Praha B,Tréninky B,HTB,,,,,Active,HTB,https://drive.google.com/uc?export=view&id=1ujKCy_Bea60CbD0GZjcJ4pdwH61dFFJR,PHM Cup,c7c0bb15-5d29-415d-851e-5d777c6cc621,Undefined,c33154e3-35f6-4114-86d0-8769b44c443b,Základní část,9933480b-989b-4253-8127-137a9174d8d3,Klasická Divize,8197ca60-361d-4515-8208-e51d50aab9fc,2016-2017,ce57453d-3da0-4b5d-b5e7-422efbd89548
b592ba44-a43a-4972-9793-87ae617c9f6e,Hokejové Tréninky.CZ,HT CZ,HTC,,,,,Active,HTC,https://drive.google.com/uc?export=view&id=1W_JKVO_WmhaabZED003eS8CaLnT5LKIm,PHM Cup,c7c0bb15-5d29-415d-851e-5d777c6cc621,Undefined,c33154e3-35f6-4114-86d0-8769b44c443b,Základní část,9933480b-989b-4253-8127-137a9174d8d3,Hobby Divize,b172426f-aa89-4d0a-a17a-5861a97311ac,2016-2017,ce57453d-3da0-4b5d-b5e7-422efbd89548
7973d5a7-0df3-4175-9cde-e430dcb9b657,HC Car-Back,Car-Back,CAR,,,,,Active,CAR,https://drive.google.com/uc?export=view&id=1KtykI34u94zu395q8AZNIy6MBSIRgogr,PHM Cup,c7c0bb15-5d29-415d-851e-5d777c6cc621,Undefined,c33154e3-35f6-4114-86d0-8769b44c443b,Základní část,9933480b-989b-4253-8127-137a9174d8d3,Klasická Divize,8197ca60-361d-4515-8208-e51d50aab9fc,2016-2017,ce57453d-3da0-4b5d-b5e7-422efbd89548
4e29553d-b539-45f7-8207-eb6f9fe27162,HC NP Černošice,NP,NPC,,,,,Active,NPC,https://drive.google.com/uc?export=view&id=1Vn-ooehW7mdOIDTPGiz5a-Pv6FJsTvdx,Pražská liga ledního hokeje,eb28fe84-b963-4058-9af2-ad86764210ed,Undefined,c33154e3-35f6-4114-86d0-8769b44c443b,Základní část,9933480b-989b-4253-8127-137a9174d8d3,Undefined,f0ab8eb3-e99d-4b96-ab52-176d18660529,2016-2017,ce57453d-3da0-4b5d-b5e7-422efbd89548
069f49cc-2d6e-40a9-91bf-8ec4acf8ca6a,HC Traverzáci,Traverzáci,TRZ,,,,,Active,TRZ,https://drive.google.com/thumbnail?id=1l4IiySY46zuJ2lNcjPJkIBs_gIxRZX8L,PHM Cup,c7c0bb15-5d29-415d-851e-5d777c6cc621,Undefined,c33154e3-35f6-4114-86d0-8769b44c443b,Základní část,9933480b-989b-4253-8127-137a9174d8d3,Hobby Divize,b172426f-aa89-4d0a-a17a-5861a97311ac,2016-2017,ce57453d-3da0-4b5d-b5e7-422efbd89548
2fa89c63-2362-4e49-9ee1-43ff4a09282f,SK Chemie VŠCHT Praha,VŠCHT,CHE,,,,,Active,CHE,https://drive.google.com/thumbnail?id=17xcsjLwLm7XrUrLZw4kbQUFV5tKgQCIv,PHM Cup,c7c0bb15-5d29-415d-851e-5d777c6cc621,Undefined,c33154e3-35f6-4114-86d0-8769b44c443b,Základní část,9933480b-989b-4253-8127-137a9174d8d3,Top Divize,b7b4f7e3-9e44-42c0-bdf8-71cfd5592373,2016-2017,ce57453d-3da0-4b5d-b5e7-422efbd89548
e265a7fa-f12f-427d-9250-3bfccbff4bef,HC Papoušci,Papoušci,PAP,,,,,Active,PAP,https://drive.google.com/thumbnail?id=1IU3EaSkdNALGDrYaYCB4nYizaajtak80,PHM Cup,c7c0bb15-5d29-415d-851e-5d777c6cc621,Undefined,c33154e3-35f6-4114-86d0-8769b44c443b,Základní část,9933480b-989b-4253-8127-137a9174d8d3,Klasická Divize,8197ca60-361d-4515-8208-e51d50aab9fc,2016-2017,ce57453d-3da0-4b5d-b5e7-422efbd89548
07d3460b-945d-41de-921f-0a18cab4334e,HC Šneci Říčany,Šneci,SNE,,,,,Active,SNE,https://drive.google.com/thumbnail?id=1dGm3UN1dWDUddkkfAG5HE7Fgjy7NGPj4,PHM Cup,c7c0bb15-5d29-415d-851e-5d777c6cc621,Undefined,c33154e3-35f6-4114-86d0-8769b44c443b,Základní část,9933480b-989b-4253-8127-137a9174d8d3,Top Divize,b7b4f7e3-9e44-42c0-bdf8-71cfd5592373,2016-2017,ce57453d-3da0-4b5d-b5e7-422efbd89548
9c09c3cd-986c-4fb3-b8b4-cb351cfdbef3,Prague Superboys,Superboys,SBS,,,,,Active,SBS,https://drive.google.com/thumbnail?id=1lUvj3AWT8-UcgD11_7LZKYnblQO9mA4t,PHM Cup,c7c0bb15-5d29-415d-851e-5d777c6cc621,Undefined,c33154e3-35f6-4114-86d0-8769b44c443b,Základní část,9933480b-989b-4253-8127-137a9174d8d3,Top Divize,b7b4f7e3-9e44-42c0-bdf8-71cfd5592373,2016-2017,ce57453d-3da0-4b5d-b5e7-422efbd89548
7f408b69-f0d5-40ee-84f5-8cabea1efd12,Prague Pigeons,Pigeons,PRP,,,,,Active,PRP,https://drive.google.com/thumbnail?id=1sUsvWmGADsfMtz0JUCnFuDIl_26V6kvX,PHM Cup,c7c0bb15-5d29-415d-851e-5d777c6cc621,Undefined,c33154e3-35f6-4114-86d0-8769b44c443b,Základní část,9933480b-989b-4253-8127-137a9174d8d3,Hobby Divize,b172426f-aa89-4d0a-a17a-5861a97311ac,2016-2017,ce57453d-3da0-4b5d-b5e7-422efbd89548
dc582553-2c16-4f06-b189-389e889177f1,HC Strojaři ATTL,ATTL,ATT,,,,,Active,ATT,https://drive.google.com/thumbnail?id=1N2KQMHM0XT-w_u7bJQ_P6IevFgCO_F7v,PHM Cup,c7c0bb15-5d29-415d-851e-5d777c6cc621,Undefined,c33154e3-35f6-4114-86d0-8769b44c443b,Základní část,9933480b-989b-4253-8127-137a9174d8d3,Hobby Divize,b172426f-aa89-4d0a-a17a-5861a97311ac,2016-2017,ce57453d-3da0-4b5d-b5e7-422efbd89548
e036fad9-60e7-4bd3-8964-4d170d3ce781,Hc Slavoj Zbraslav,Zrbraslav,SLZ,,,,,Active,SLZ,https://drive.google.com/thumbnail?id=1Bo8SH0ZRa2vPwNU2as9WuOjZcT7lXFH9,PHM Cup,c7c0bb15-5d29-415d-851e-5d777c6cc621,Undefined,c33154e3-35f6-4114-86d0-8769b44c443b,Základní část,9933480b-989b-4253-8127-137a9174d8d3,Top Divize,b7b4f7e3-9e44-42c0-bdf8-71cfd5592373,2016-2017,ce57453d-3da0-4b5d-b5e7-422efbd89548
6237af15-d66e-409f-98f3-7c143d59aa1d,HC Baletky,Baletky,BAL,,,,,Active,BAL,https://drive.google.com/thumbnail?id=1TlSdSyn2hyeOFno-HY5KrQFcp_wlYgCL,PHM Cup,c7c0bb15-5d29-415d-851e-5d777c6cc621,Undefined,c33154e3-35f6-4114-86d0-8769b44c443b,Základní část,9933480b-989b-4253-8127-137a9174d8d3,Hobby Divize,b172426f-aa89-4d0a-a17a-5861a97311ac,2016-2017,ce57453d-3da0-4b5d-b5e7-422efbd89548
1f80fdba-3dc1-4f77-87d7-905add68b1a3,HC Žraloci B,Žraloci B,ZRB,,,,,Active,ZRB,https://drive.google.com/uc?export=view&id=1opMI90nmu2cywTy9dnz8rPv89x6OKQDU,PHM Cup,c7c0bb15-5d29-415d-851e-5d777c6cc621,Undefined,c33154e3-35f6-4114-86d0-8769b44c443b,Základní část,9933480b-989b-4253-8127-137a9174d8d3,Hobby Divize,b172426f-aa89-4d0a-a17a-5861a97311ac,2016-2017,ce57453d-3da0-4b5d-b5e7-422efbd89548
bd6d1d09-9be7-4d43-aa42-da729e10ff8f,HC Kosti B,Kosti B,KOB,,,,,Active,KOB,https://drive.google.com/thumbnail?id=1yhsW3msPl1CeNU0L0nJwwUtYrh58FpzV,PHM Cup,c7c0bb15-5d29-415d-851e-5d777c6cc621,Undefined,c33154e3-35f6-4114-86d0-8769b44c443b,Základní část,9933480b-989b-4253-8127-137a9174d8d3,Hobby Divize,b172426f-aa89-4d0a-a17a-5861a97311ac,2016-2017,ce57453d-3da0-4b5d-b5e7-422efbd89548
df4d088d-c40c-46de-a8b0-f5c134b65453,Undefined,Undefined,UND,,,,,,,,Undefined,b1325f2d-3d0b-4f63-b5ec-b72714d4137e,Undefined,c33154e3-35f6-4114-86d0-8769b44c443b,Undefined,48259c04-72e0-4088-8fbf-e10baf0a378d,Undefined,f0ab8eb3-e99d-4b96-ab52-176d18660529,Undefined,f779721e-70e3-4a58-8f24-3576566328a7